"link","shape","geom1","geom2","geom3","geom4","barrels","culvert"
17,"CIRCULAR","18",0,0,0,NA,0
18,"CIRCULAR","18",0,0,0,NA,0
19,"CIRCULAR","18",0,0,0,NA,0
20,"CIRCULAR","18",0,0,0,NA,0
21,"CIRCULAR","18",0,0,0,NA,0
22,"CIRCULAR","18",0,0,0,NA,0
23,"CIRCULAR","18",0,0,0,NA,0
24,"CIRCULAR","18",0,0,0,NA,0
25,"CIRCULAR","24",0,0,0,NA,0
26,"CIRCULAR","24",0,0,0,NA,0
27,"CIRCULAR","42",0,0,0,NA,0
28,"CIRCULAR","42",0,0,0,NA,0
29,"CIRCULAR","18",0,0,0,NA,0
30,"CIRCULAR","18",0,0,0,NA,0
31,"CIRCULAR","18",0,0,0,NA,0
32,"CIRCULAR","18",0,0,0,NA,0
33,"CIRCULAR","18",0,0,0,NA,0
34,"CIRCULAR","18",0,0,0,NA,0
35,"CIRCULAR","42",0,0,0,NA,0
36,"CIRCULAR","42",0,0,0,NA,0
37,"CIRCULAR","42",0,0,0,NA,0
38,"CIRCULAR","42",0,0,0,NA,0
39,"CIRCULAR","24",0,0,0,NA,0
40,"CIRCULAR","24",0,0,0,NA,0
41,"CIRCULAR","30",0,0,0,NA,0
42,"CIRCULAR","30",0,0,0,NA,0
43,"CIRCULAR","24",0,0,0,NA,0
44,"CIRCULAR","24",0,0,0,NA,0
45,"CIRCULAR","18",0,0,0,NA,0
46,"CIRCULAR","18",0,0,0,NA,0
47,"CIRCULAR","18",0,0,0,NA,0
48,"CIRCULAR","18",0,0,0,NA,0
49,"CIRCULAR","18",0,0,0,NA,0
50,"CIRCULAR","18",0,0,0,NA,0
51,"CIRCULAR","24",0,0,0,NA,0
52,"CIRCULAR","24",0,0,0,NA,0
53,"CIRCULAR","23",0,0,0,NA,0
54,"CIRCULAR","23",0,0,0,NA,0
57,"CIRCULAR","30",0,0,0,NA,0
58,"CIRCULAR","30",0,0,0,NA,0
59,"CIRCULAR","18",0,0,0,NA,0
60,"CIRCULAR","18",0,0,0,NA,0
61,"CIRCULAR","42",0,0,0,NA,0
62,"CIRCULAR","42",0,0,0,NA,0
63,"CIRCULAR","42",0,0,0,NA,0
64,"CIRCULAR","42",0,0,0,NA,0
65,"CIRCULAR","24",0,0,0,NA,0
66,"CIRCULAR","24",0,0,0,NA,0
67,"CIRCULAR","18",0,0,0,NA,0
68,"CIRCULAR","18",0,0,0,NA,0
69,"CIRCULAR","18",0,0,0,NA,0
70,"CIRCULAR","18",0,0,0,NA,0
71,"CIRCULAR","18",0,0,0,NA,0
72,"CIRCULAR","18",0,0,0,NA,0
73,"CIRCULAR","18",0,0,0,NA,0
74,"CIRCULAR","18",0,0,0,NA,0
75,"CIRCULAR","24",0,0,0,NA,0
76,"CIRCULAR","24",0,0,0,NA,0
77,"CIRCULAR","23",0,0,0,NA,0
78,"CIRCULAR","23",0,0,0,NA,0
79,"CIRCULAR","23",0,0,0,NA,0
80,"CIRCULAR","23",0,0,0,NA,0
81,"CIRCULAR","24",0,0,0,NA,0
82,"CIRCULAR","24",0,0,0,NA,0
83,"CIRCULAR","18",0,0,0,NA,0
84,"CIRCULAR","18",0,0,0,NA,0
85,"CIRCULAR","24",0,0,0,NA,0
86,"CIRCULAR","24",0,0,0,NA,0
87,"CIRCULAR","24",0,0,0,NA,0
88,"CIRCULAR","24",0,0,0,NA,0
89,"CIRCULAR","24",0,0,0,NA,0
90,"CIRCULAR","24",0,0,0,NA,0
91,"CIRCULAR","36",0,0,0,NA,0
92,"CIRCULAR","36",0,0,0,NA,0
93,"CIRCULAR","24",0,0,0,NA,0
94,"CIRCULAR","24",0,0,0,NA,0
95,"CIRCULAR","18",0,0,0,NA,0
96,"CIRCULAR","18",0,0,0,NA,0
97,"CIRCULAR","18",0,0,0,NA,0
98,"CIRCULAR","18",0,0,0,NA,0
99,"CIRCULAR","18",0,0,0,NA,0
100,"CIRCULAR","18",0,0,0,NA,0
101,"CIRCULAR","24",0,0,0,NA,0
102,"CIRCULAR","24",0,0,0,NA,0
103,"CIRCULAR","18",0,0,0,NA,0
104,"CIRCULAR","18",0,0,0,NA,0
105,"CIRCULAR","24",0,0,0,NA,0
106,"CIRCULAR","24",0,0,0,NA,0
107,"CIRCULAR","24",0,0,0,NA,0
108,"CIRCULAR","24",0,0,0,NA,0
109,"CIRCULAR","24",0,0,0,NA,0
110,"CIRCULAR","24",0,0,0,NA,0
111,"CIRCULAR","18",0,0,0,NA,0
112,"CIRCULAR","18",0,0,0,NA,0
113,"CIRCULAR","24",0,0,0,NA,0
114,"CIRCULAR","24",0,0,0,NA,0
115,"CIRCULAR","24",0,0,0,NA,0
116,"CIRCULAR","24",0,0,0,NA,0
117,"CIRCULAR","24",0,0,0,NA,0
118,"CIRCULAR","24",0,0,0,NA,0
119,"CIRCULAR","18",0,0,0,NA,0
120,"CIRCULAR","18",0,0,0,NA,0
121,"CIRCULAR","18",0,0,0,NA,0
122,"CIRCULAR","18",0,0,0,NA,0
123,"CIRCULAR","30",0,0,0,NA,0
124,"CIRCULAR","30",0,0,0,NA,0
125,"CIRCULAR","30",0,0,0,NA,0
126,"CIRCULAR","30",0,0,0,NA,0
127,"CIRCULAR","24",0,0,0,NA,0
128,"CIRCULAR","24",0,0,0,NA,0
129,"CIRCULAR","18",0,0,0,NA,0
130,"CIRCULAR","18",0,0,0,NA,0
131,"CIRCULAR","24",0,0,0,NA,0
132,"CIRCULAR","24",0,0,0,NA,0
133,"CIRCULAR","18",0,0,0,NA,0
134,"CIRCULAR","18",0,0,0,NA,0
135,"CIRCULAR","30",0,0,0,NA,0
136,"CIRCULAR","30",0,0,0,NA,0
137,"CIRCULAR","18",0,0,0,NA,0
138,"CIRCULAR","18",0,0,0,NA,0
139,"CIRCULAR","24",0,0,0,NA,0
140,"CIRCULAR","24",0,0,0,NA,0
141,"CIRCULAR","18",0,0,0,NA,0
142,"CIRCULAR","18",0,0,0,NA,0
143,"CIRCULAR","18",0,0,0,NA,0
144,"CIRCULAR","18",0,0,0,NA,0
145,"CIRCULAR","18",0,0,0,NA,0
146,"CIRCULAR","18",0,0,0,NA,0
147,"CIRCULAR","24",0,0,0,NA,0
148,"CIRCULAR","24",0,0,0,NA,0
149,"CIRCULAR","24",0,0,0,NA,0
150,"CIRCULAR","24",0,0,0,NA,0
151,"CIRCULAR","24",0,0,0,NA,0
152,"CIRCULAR","24",0,0,0,NA,0
153,"CIRCULAR","18",0,0,0,NA,0
154,"CIRCULAR","18",0,0,0,NA,0
155,"CIRCULAR","18",0,0,0,NA,0
156,"CIRCULAR","18",0,0,0,NA,0
157,"CIRCULAR","18",0,0,0,NA,0
158,"CIRCULAR","18",0,0,0,NA,0
159,"CIRCULAR","24",0,0,0,NA,0
160,"CIRCULAR","24",0,0,0,NA,0
161,"CIRCULAR","18",0,0,0,NA,0
162,"CIRCULAR","18",0,0,0,NA,0
163,"CIRCULAR","48",0,0,0,NA,0
164,"CIRCULAR","48",0,0,0,NA,0
165,"CIRCULAR","18",0,0,0,NA,0
166,"CIRCULAR","18",0,0,0,NA,0
167,"CIRCULAR","18",0,0,0,NA,0
168,"CIRCULAR","18",0,0,0,NA,0
169,"CIRCULAR","18",0,0,0,NA,0
170,"CIRCULAR","18",0,0,0,NA,0
171,"CIRCULAR","24",0,0,0,NA,0
172,"CIRCULAR","24",0,0,0,NA,0
173,"CIRCULAR","30",0,0,0,NA,0
174,"CIRCULAR","30",0,0,0,NA,0
175,"CIRCULAR","24",0,0,0,NA,0
176,"CIRCULAR","24",0,0,0,NA,0
177,"CIRCULAR","42",0,0,0,NA,0
178,"CIRCULAR","42",0,0,0,NA,0
179,"CIRCULAR","48",0,0,0,NA,0
180,"CIRCULAR","48",0,0,0,NA,0
181,"CIRCULAR","48",0,0,0,NA,0
182,"CIRCULAR","48",0,0,0,NA,0
183,"CIRCULAR","18",0,0,0,NA,0
184,"CIRCULAR","18",0,0,0,NA,0
185,"CIRCULAR","18",0,0,0,NA,0
186,"CIRCULAR","18",0,0,0,NA,0
187,"CIRCULAR","60",0,0,0,NA,0
188,"CIRCULAR","60",0,0,0,NA,0
189,"CIRCULAR","24",0,0,0,NA,0
190,"CIRCULAR","24",0,0,0,NA,0
191,"CIRCULAR","18",0,0,0,NA,0
192,"CIRCULAR","18",0,0,0,NA,0
193,"CIRCULAR","24",0,0,0,NA,0
194,"CIRCULAR","24",0,0,0,NA,0
195,"CIRCULAR","18",0,0,0,NA,0
196,"CIRCULAR","18",0,0,0,NA,0
197,"CIRCULAR","18",0,0,0,NA,0
198,"CIRCULAR","18",0,0,0,NA,0
199,"CIRCULAR","24",0,0,0,NA,0
200,"CIRCULAR","24",0,0,0,NA,0
201,"CIRCULAR","30",0,0,0,NA,0
202,"CIRCULAR","30",0,0,0,NA,0
203,"CIRCULAR","24",0,0,0,NA,0
204,"CIRCULAR","24",0,0,0,NA,0
205,"CIRCULAR","24",0,0,0,NA,0
206,"CIRCULAR","24",0,0,0,NA,0
207,"CIRCULAR","24",0,0,0,NA,0
208,"CIRCULAR","24",0,0,0,NA,0
209,"CIRCULAR","24",0,0,0,NA,0
210,"CIRCULAR","24",0,0,0,NA,0
211,"CIRCULAR","18",0,0,0,NA,0
212,"CIRCULAR","18",0,0,0,NA,0
213,"CIRCULAR","48",0,0,0,NA,0
214,"CIRCULAR","48",0,0,0,NA,0
215,"CIRCULAR","48",0,0,0,NA,0
216,"CIRCULAR","36",0,0,0,NA,0
217,"CIRCULAR","36",0,0,0,NA,0
218,"CIRCULAR","24",0,0,0,NA,0
219,"CIRCULAR","24",0,0,0,NA,0
220,"CIRCULAR","24",0,0,0,NA,0
221,"CIRCULAR","24",0,0,0,NA,0
222,"CIRCULAR","24",0,0,0,NA,0
223,"CIRCULAR","24",0,0,0,NA,0
224,"CIRCULAR","30",0,0,0,NA,0
225,"CIRCULAR","30",0,0,0,NA,0
226,"CIRCULAR","24",0,0,0,NA,0
227,"CIRCULAR","24",0,0,0,NA,0
228,"CIRCULAR","30",0,0,0,NA,0
229,"CIRCULAR","30",0,0,0,NA,0
230,"CIRCULAR","18",0,0,0,NA,0
231,"CIRCULAR","18",0,0,0,NA,0
232,"CIRCULAR","30",0,0,0,NA,0
233,"CIRCULAR","30",0,0,0,NA,0
234,"CIRCULAR","18",0,0,0,NA,0
235,"CIRCULAR","18",0,0,0,NA,0
236,"CIRCULAR","18",0,0,0,NA,0
237,"CIRCULAR","18",0,0,0,NA,0
238,"CIRCULAR","18",0,0,0,NA,0
239,"CIRCULAR","18",0,0,0,NA,0
240,"CIRCULAR","60",0,0,0,NA,0
241,"CIRCULAR","60",0,0,0,NA,0
242,"CIRCULAR","24",0,0,0,NA,0
243,"CIRCULAR","24",0,0,0,NA,0
244,"CIRCULAR","18",0,0,0,NA,0
245,"CIRCULAR","18",0,0,0,NA,0
246,"CIRCULAR","30",0,0,0,NA,0
247,"CIRCULAR","30",0,0,0,NA,0
248,"CIRCULAR","24",0,0,0,NA,0
249,"CIRCULAR","24",0,0,0,NA,0
250,"CIRCULAR","42",0,0,0,NA,0
251,"CIRCULAR","42",0,0,0,NA,0
252,"CIRCULAR","48",0,0,0,NA,0
253,"CIRCULAR","48",0,0,0,NA,0
254,"CIRCULAR","18",0,0,0,NA,0
255,"CIRCULAR","18",0,0,0,NA,0
256,"CIRCULAR","48",0,0,0,NA,0
257,"CIRCULAR","48",0,0,0,NA,0
258,"CIRCULAR","42",0,0,0,NA,0
259,"CIRCULAR","42",0,0,0,NA,0
260,"CIRCULAR","18",0,0,0,NA,0
261,"CIRCULAR","18",0,0,0,NA,0
262,"CIRCULAR","12",0,0,0,NA,0
263,"CIRCULAR","12",0,0,0,NA,0
264,"CIRCULAR","12",0,0,0,NA,0
265,"CIRCULAR","12",0,0,0,NA,0
266,"CIRCULAR","30",0,0,0,NA,0
267,"CIRCULAR","30",0,0,0,NA,0
268,"CIRCULAR","24",0,0,0,NA,0
269,"CIRCULAR","24",0,0,0,NA,0
270,"CIRCULAR","24",0,0,0,NA,0
271,"CIRCULAR","24",0,0,0,NA,0
272,"CIRCULAR","18",0,0,0,NA,0
273,"CIRCULAR","18",0,0,0,NA,0
274,"CIRCULAR","24",0,0,0,NA,0
275,"CIRCULAR","24",0,0,0,NA,0
276,"CIRCULAR","18",0,0,0,NA,0
277,"CIRCULAR","18",0,0,0,NA,0
278,"CIRCULAR","18",0,0,0,NA,0
279,"CIRCULAR","18",0,0,0,NA,0
280,"CIRCULAR","18",0,0,0,NA,0
281,"CIRCULAR","18",0,0,0,NA,0
282,"CIRCULAR","18",0,0,0,NA,0
283,"CIRCULAR","18",0,0,0,NA,0
284,"CIRCULAR","30",0,0,0,NA,0
285,"CIRCULAR","30",0,0,0,NA,0
286,"CIRCULAR","18",0,0,0,NA,0
287,"CIRCULAR","18",0,0,0,NA,0
288,"CIRCULAR","18",0,0,0,NA,0
289,"CIRCULAR","18",0,0,0,NA,0
290,"CIRCULAR","18",0,0,0,NA,0
291,"CIRCULAR","18",0,0,0,NA,0
292,"CIRCULAR","18",0,0,0,NA,0
293,"CIRCULAR","18",0,0,0,NA,0
294,"CIRCULAR","18",0,0,0,NA,0
295,"CIRCULAR","18",0,0,0,NA,0
296,"CIRCULAR","18",0,0,0,NA,0
297,"CIRCULAR","18",0,0,0,NA,0
298,"CIRCULAR","18",0,0,0,NA,0
299,"CIRCULAR","18",0,0,0,NA,0
300,"CIRCULAR","18",0,0,0,NA,0
301,"CIRCULAR","18",0,0,0,NA,0
302,"CIRCULAR","18",0,0,0,NA,0
303,"CIRCULAR","18",0,0,0,NA,0
308,"CIRCULAR","18",0,0,0,NA,0
309,"CIRCULAR","18",0,0,0,NA,0
310,"CIRCULAR","42",0,0,0,NA,0
311,"CIRCULAR","42",0,0,0,NA,0
312,"CIRCULAR","42",0,0,0,NA,0
313,"CIRCULAR","42",0,0,0,NA,0
314,"CIRCULAR","24",0,0,0,NA,0
315,"CIRCULAR","24",0,0,0,NA,0
316,"CIRCULAR","24",0,0,0,NA,0
317,"CIRCULAR","24",0,0,0,NA,0
318,"CIRCULAR","24",0,0,0,NA,0
319,"CIRCULAR","24",0,0,0,NA,0
320,"CIRCULAR","48",0,0,0,NA,0
321,"CIRCULAR","48",0,0,0,NA,0
322,"CIRCULAR","18",0,0,0,NA,0
323,"CIRCULAR","18",0,0,0,NA,0
324,"CIRCULAR","18",0,0,0,NA,0
325,"CIRCULAR","18",0,0,0,NA,0
326,"CIRCULAR","18",0,0,0,NA,0
327,"CIRCULAR","18",0,0,0,NA,0
328,"CIRCULAR","18",0,0,0,NA,0
329,"CIRCULAR","18",0,0,0,NA,0
330,"CIRCULAR","18",0,0,0,NA,0
331,"CIRCULAR","18",0,0,0,NA,0
332,"CIRCULAR","24",0,0,0,NA,0
333,"CIRCULAR","24",0,0,0,NA,0
334,"CIRCULAR","24",0,0,0,NA,0
335,"CIRCULAR","24",0,0,0,NA,0
336,"CIRCULAR","18",0,0,0,NA,0
337,"CIRCULAR","18",0,0,0,NA,0
338,"CIRCULAR","42",0,0,0,NA,0
339,"CIRCULAR","42",0,0,0,NA,0
340,"CIRCULAR","18",0,0,0,NA,0
341,"CIRCULAR","18",0,0,0,NA,0
348,"CIRCULAR","18",0,0,0,NA,0
349,"CIRCULAR","18",0,0,0,NA,0
350,"CIRCULAR","24",0,0,0,NA,0
351,"CIRCULAR","24",0,0,0,NA,0
358,"CIRCULAR","24",0,0,0,NA,0
359,"CIRCULAR","24",0,0,0,NA,0
362,"CIRCULAR","18",0,0,0,NA,0
363,"CIRCULAR","18",0,0,0,NA,0
368,"CIRCULAR","30",0,0,0,NA,0
369,"CIRCULAR","30",0,0,0,NA,0
370,"CIRCULAR","18",0,0,0,NA,0
371,"CIRCULAR","18",0,0,0,NA,0
372,"CIRCULAR","36",0,0,0,NA,0
373,"CIRCULAR","36",0,0,0,NA,0
374,"CIRCULAR","24",0,0,0,NA,0
375,"CIRCULAR","24",0,0,0,NA,0
376,"CIRCULAR","18",0,0,0,NA,0
377,"CIRCULAR","18",0,0,0,NA,0
378,"CIRCULAR","36",0,0,0,NA,0
379,"CIRCULAR","36",0,0,0,NA,0
380,"CIRCULAR","18",0,0,0,NA,0
381,"CIRCULAR","18",0,0,0,NA,0
382,"CIRCULAR","24",0,0,0,NA,0
383,"CIRCULAR","24",0,0,0,NA,0
384,"CIRCULAR","18",0,0,0,NA,0
385,"CIRCULAR","18",0,0,0,NA,0
386,"CIRCULAR","30",0,0,0,NA,0
387,"CIRCULAR","30",0,0,0,NA,0
388,"CIRCULAR","24",0,0,0,NA,0
389,"CIRCULAR","24",0,0,0,NA,0
390,"CIRCULAR","18",0,0,0,NA,0
391,"CIRCULAR","18",0,0,0,NA,0
392,"CIRCULAR","24",0,0,0,NA,0
393,"CIRCULAR","24",0,0,0,NA,0
394,"CIRCULAR","24",0,0,0,NA,0
395,"CIRCULAR","24",0,0,0,NA,0
396,"CIRCULAR","18",0,0,0,NA,0
397,"CIRCULAR","18",0,0,0,NA,0
398,"CIRCULAR","18",0,0,0,NA,0
399,"CIRCULAR","18",0,0,0,NA,0
406,"CIRCULAR","18",0,0,0,NA,0
407,"CIRCULAR","18",0,0,0,NA,0
408,"CIRCULAR","18",0,0,0,NA,0
409,"CIRCULAR","18",0,0,0,NA,0
410,"CIRCULAR","36",0,0,0,NA,0
411,"CIRCULAR","36",0,0,0,NA,0
412,"CIRCULAR","36",0,0,0,NA,0
413,"CIRCULAR","36",0,0,0,NA,0
414,"CIRCULAR","24",0,0,0,NA,0
415,"CIRCULAR","24",0,0,0,NA,0
416,"CIRCULAR","18",0,0,0,NA,0
417,"CIRCULAR","18",0,0,0,NA,0
418,"CIRCULAR","42",0,0,0,NA,0
419,"CIRCULAR","42",0,0,0,NA,0
420,"CIRCULAR","30",0,0,0,NA,0
421,"CIRCULAR","30",0,0,0,NA,0
422,"CIRCULAR","18",0,0,0,NA,0
423,"CIRCULAR","18",0,0,0,NA,0
424,"CIRCULAR","18",0,0,0,NA,0
425,"CIRCULAR","18",0,0,0,NA,0
426,"CIRCULAR","18",0,0,0,NA,0
427,"CIRCULAR","18",0,0,0,NA,0
428,"CIRCULAR","18",0,0,0,NA,0
429,"CIRCULAR","18",0,0,0,NA,0
430,"CIRCULAR","18",0,0,0,NA,0
431,"CIRCULAR","18",0,0,0,NA,0
434,"CIRCULAR","30",0,0,0,NA,0
435,"CIRCULAR","30",0,0,0,NA,0
436,"CIRCULAR","42",0,0,0,NA,0
437,"CIRCULAR","42",0,0,0,NA,0
438,"CIRCULAR","24",0,0,0,NA,0
439,"CIRCULAR","24",0,0,0,NA,0
440,"CIRCULAR","18",0,0,0,NA,0
441,"CIRCULAR","18",0,0,0,NA,0
442,"CIRCULAR","24",0,0,0,NA,0
443,"CIRCULAR","24",0,0,0,NA,0
444,"CIRCULAR","24",0,0,0,NA,0
445,"CIRCULAR","24",0,0,0,NA,0
446,"CIRCULAR","18",0,0,0,NA,0
447,"CIRCULAR","18",0,0,0,NA,0
448,"CIRCULAR","48",0,0,0,NA,0
449,"CIRCULAR","48",0,0,0,NA,0
450,"CIRCULAR","18",0,0,0,NA,0
451,"CIRCULAR","18",0,0,0,NA,0
452,"CIRCULAR","18",0,0,0,NA,0
453,"CIRCULAR","18",0,0,0,NA,0
454,"CIRCULAR","30",0,0,0,NA,0
455,"CIRCULAR","30",0,0,0,NA,0
456,"CIRCULAR","18",0,0,0,NA,0
457,"CIRCULAR","18",0,0,0,NA,0
458,"CIRCULAR","24",0,0,0,NA,0
459,"CIRCULAR","24",0,0,0,NA,0
460,"CIRCULAR","30",0,0,0,NA,0
461,"CIRCULAR","30",0,0,0,NA,0
462,"CIRCULAR","18",0,0,0,NA,0
463,"CIRCULAR","18",0,0,0,NA,0
464,"CIRCULAR","18",0,0,0,NA,0
465,"CIRCULAR","18",0,0,0,NA,0
466,"CIRCULAR","18",0,0,0,NA,0
467,"CIRCULAR","18",0,0,0,NA,0
468,"CIRCULAR","48",0,0,0,NA,0
469,"CIRCULAR","48",0,0,0,NA,0
470,"CIRCULAR","18",0,0,0,NA,0
471,"CIRCULAR","18",0,0,0,NA,0
472,"CIRCULAR","24",0,0,0,NA,0
473,"CIRCULAR","24",0,0,0,NA,0
474,"CIRCULAR","18",0,0,0,NA,0
475,"CIRCULAR","18",0,0,0,NA,0
476,"CIRCULAR","24",0,0,0,NA,0
477,"CIRCULAR","24",0,0,0,NA,0
478,"CIRCULAR","36",0,0,0,NA,0
479,"CIRCULAR","36",0,0,0,NA,0
480,"CIRCULAR","18",0,0,0,NA,0
481,"CIRCULAR","18",0,0,0,NA,0
482,"CIRCULAR","24",0,0,0,NA,0
483,"CIRCULAR","24",0,0,0,NA,0
484,"CIRCULAR","24",0,0,0,NA,0
485,"CIRCULAR","24",0,0,0,NA,0
486,"CIRCULAR","18",0,0,0,NA,0
487,"CIRCULAR","18",0,0,0,NA,0
488,"CIRCULAR","18",0,0,0,NA,0
489,"CIRCULAR","18",0,0,0,NA,0
490,"CIRCULAR","18",0,0,0,NA,0
491,"CIRCULAR","18",0,0,0,NA,0
492,"CIRCULAR","23",0,0,0,NA,0
493,"CIRCULAR","23",0,0,0,NA,0
494,"CIRCULAR","30",0,0,0,NA,0
495,"CIRCULAR","30",0,0,0,NA,0
496,"CIRCULAR","18",0,0,0,NA,0
497,"CIRCULAR","18",0,0,0,NA,0
498,"CIRCULAR","42",0,0,0,NA,0
499,"CIRCULAR","42",0,0,0,NA,0
500,"CIRCULAR","18",0,0,0,NA,0
501,"CIRCULAR","18",0,0,0,NA,0
504,"CIRCULAR","24",0,0,0,NA,0
505,"CIRCULAR","24",0,0,0,NA,0
506,"CIRCULAR","24",0,0,0,NA,0
507,"CIRCULAR","24",0,0,0,NA,0
508,"CIRCULAR","18",0,0,0,NA,0
509,"CIRCULAR","18",0,0,0,NA,0
510,"CIRCULAR","18",0,0,0,NA,0
511,"CIRCULAR","18",0,0,0,NA,0
512,"CIRCULAR","18",0,0,0,NA,0
513,"CIRCULAR","18",0,0,0,NA,0
514,"CIRCULAR","18",0,0,0,NA,0
515,"CIRCULAR","18",0,0,0,NA,0
518,"CIRCULAR","23",0,0,0,NA,0
519,"CIRCULAR","23",0,0,0,NA,0
520,"CIRCULAR","18",0,0,0,NA,0
521,"CIRCULAR","18",0,0,0,NA,0
522,"CIRCULAR","48",0,0,0,NA,0
523,"CIRCULAR","48",0,0,0,NA,0
524,"CIRCULAR","18",0,0,0,NA,0
525,"CIRCULAR","18",0,0,0,NA,0
526,"CIRCULAR","18",0,0,0,NA,0
527,"CIRCULAR","18",0,0,0,NA,0
530,"CIRCULAR","23",0,0,0,NA,0
531,"CIRCULAR","23",0,0,0,NA,0
532,"CIRCULAR","24",0,0,0,NA,0
533,"CIRCULAR","24",0,0,0,NA,0
534,"CIRCULAR","18",0,0,0,NA,0
535,"CIRCULAR","18",0,0,0,NA,0
536,"CIRCULAR","18",0,0,0,NA,0
537,"CIRCULAR","18",0,0,0,NA,0
538,"CIRCULAR","18",0,0,0,NA,0
539,"CIRCULAR","18",0,0,0,NA,0
540,"CIRCULAR","24",0,0,0,NA,0
541,"CIRCULAR","24",0,0,0,NA,0
542,"CIRCULAR","30",0,0,0,NA,0
543,"CIRCULAR","30",0,0,0,NA,0
544,"CIRCULAR","18",0,0,0,NA,0
545,"CIRCULAR","18",0,0,0,NA,0
546,"CIRCULAR","60",0,0,0,NA,0
547,"CIRCULAR","60",0,0,0,NA,0
548,"CIRCULAR","18",0,0,0,NA,0
549,"CIRCULAR","18",0,0,0,NA,0
550,"CIRCULAR","24",0,0,0,NA,0
551,"CIRCULAR","24",0,0,0,NA,0
552,"CIRCULAR","24",0,0,0,NA,0
553,"CIRCULAR","24",0,0,0,NA,0
554,"CIRCULAR","24",0,0,0,NA,0
555,"CIRCULAR","24",0,0,0,NA,0
556,"CIRCULAR","30",0,0,0,NA,0
557,"CIRCULAR","30",0,0,0,NA,0
558,"CIRCULAR","42",0,0,0,NA,0
559,"CIRCULAR","42",0,0,0,NA,0
560,"CIRCULAR","18",0,0,0,NA,0
561,"CIRCULAR","18",0,0,0,NA,0
562,"CIRCULAR","18",0,0,0,NA,0
563,"CIRCULAR","18",0,0,0,NA,0
564,"CIRCULAR","18",0,0,0,NA,0
565,"CIRCULAR","18",0,0,0,NA,0
566,"CIRCULAR","24",0,0,0,NA,0
567,"CIRCULAR","24",0,0,0,NA,0
568,"CIRCULAR","18",0,0,0,NA,0
569,"CIRCULAR","18",0,0,0,NA,0
570,"CIRCULAR","18",0,0,0,NA,0
571,"CIRCULAR","18",0,0,0,NA,0
572,"CIRCULAR","18",0,0,0,NA,0
573,"CIRCULAR","18",0,0,0,NA,0
574,"CIRCULAR","18",0,0,0,NA,0
575,"CIRCULAR","18",0,0,0,NA,0
576,"CIRCULAR","24",0,0,0,NA,0
577,"CIRCULAR","24",0,0,0,NA,0
578,"CIRCULAR","42",0,0,0,NA,0
579,"CIRCULAR","42",0,0,0,NA,0
580,"CIRCULAR","48",0,0,0,NA,0
581,"CIRCULAR","48",0,0,0,NA,0
582,"CIRCULAR","24",0,0,0,NA,0
583,"CIRCULAR","24",0,0,0,NA,0
584,"CIRCULAR","18",0,0,0,NA,0
585,"CIRCULAR","18",0,0,0,NA,0
586,"CIRCULAR","18",0,0,0,NA,0
587,"CIRCULAR","18",0,0,0,NA,0
588,"CIRCULAR","30",0,0,0,NA,0
589,"CIRCULAR","30",0,0,0,NA,0
590,"CIRCULAR","24",0,0,0,NA,0
591,"CIRCULAR","24",0,0,0,NA,0
592,"CIRCULAR","18",0,0,0,NA,0
593,"CIRCULAR","18",0,0,0,NA,0
594,"CIRCULAR","24",0,0,0,NA,0
595,"CIRCULAR","24",0,0,0,NA,0
596,"CIRCULAR","30",0,0,0,NA,0
597,"CIRCULAR","30",0,0,0,NA,0
598,"CIRCULAR","30",0,0,0,NA,0
599,"CIRCULAR","30",0,0,0,NA,0
600,"CIRCULAR","18",0,0,0,NA,0
601,"CIRCULAR","18",0,0,0,NA,0
602,"CIRCULAR","18",0,0,0,NA,0
603,"CIRCULAR","18",0,0,0,NA,0
604,"CIRCULAR","48",0,0,0,NA,0
605,"CIRCULAR","48",0,0,0,NA,0
606,"CIRCULAR","18",0,0,0,NA,0
607,"CIRCULAR","18",0,0,0,NA,0
608,"CIRCULAR","18",0,0,0,NA,0
609,"CIRCULAR","18",0,0,0,NA,0
610,"CIRCULAR","23",0,0,0,NA,0
611,"CIRCULAR","23",0,0,0,NA,0
612,"CIRCULAR","18",0,0,0,NA,0
613,"CIRCULAR","18",0,0,0,NA,0
614,"CIRCULAR","18",0,0,0,NA,0
615,"CIRCULAR","18",0,0,0,NA,0
616,"CIRCULAR","24",0,0,0,NA,0
617,"CIRCULAR","24",0,0,0,NA,0
618,"CIRCULAR","24",0,0,0,NA,0
619,"CIRCULAR","24",0,0,0,NA,0
622,"CIRCULAR","18",0,0,0,NA,0
623,"CIRCULAR","18",0,0,0,NA,0
624,"CIRCULAR","18",0,0,0,NA,0
625,"CIRCULAR","18",0,0,0,NA,0
628,"CIRCULAR","23",0,0,0,NA,0
629,"CIRCULAR","23",0,0,0,NA,0
630,"CIRCULAR","24",0,0,0,NA,0
631,"CIRCULAR","24",0,0,0,NA,0
632,"CIRCULAR","24",0,0,0,NA,0
633,"CIRCULAR","24",0,0,0,NA,0
634,"CIRCULAR","24",0,0,0,NA,0
635,"CIRCULAR","24",0,0,0,NA,0
636,"CIRCULAR","18",0,0,0,NA,0
637,"CIRCULAR","18",0,0,0,NA,0
638,"CIRCULAR","30",0,0,0,NA,0
639,"CIRCULAR","30",0,0,0,NA,0
640,"CIRCULAR","24",0,0,0,NA,0
641,"CIRCULAR","24",0,0,0,NA,0
642,"CIRCULAR","36",0,0,0,NA,0
643,"CIRCULAR","36",0,0,0,NA,0
644,"CIRCULAR","18",0,0,0,NA,0
645,"CIRCULAR","18",0,0,0,NA,0
646,"CIRCULAR","18",0,0,0,NA,0
647,"CIRCULAR","18",0,0,0,NA,0
648,"CIRCULAR","18",0,0,0,NA,0
649,"CIRCULAR","18",0,0,0,NA,0
650,"CIRCULAR","30",0,0,0,NA,0
651,"CIRCULAR","30",0,0,0,NA,0
652,"CIRCULAR","24",0,0,0,NA,0
653,"CIRCULAR","24",0,0,0,NA,0
654,"CIRCULAR","18",0,0,0,NA,0
655,"CIRCULAR","18",0,0,0,NA,0
656,"CIRCULAR","18",0,0,0,NA,0
657,"CIRCULAR","18",0,0,0,NA,0
662,"CIRCULAR","18",0,0,0,NA,0
663,"CIRCULAR","18",0,0,0,NA,0
664,"CIRCULAR","24",0,0,0,NA,0
665,"CIRCULAR","24",0,0,0,NA,0
666,"CIRCULAR","24",0,0,0,NA,0
667,"CIRCULAR","24",0,0,0,NA,0
668,"CIRCULAR","42",0,0,0,NA,0
669,"CIRCULAR","42",0,0,0,NA,0
670,"CIRCULAR","24",0,0,0,NA,0
671,"CIRCULAR","24",0,0,0,NA,0
672,"CIRCULAR","24",0,0,0,NA,0
673,"CIRCULAR","24",0,0,0,NA,0
674,"CIRCULAR","42",0,0,0,NA,0
675,"CIRCULAR","42",0,0,0,NA,0
676,"CIRCULAR","24",0,0,0,NA,0
677,"CIRCULAR","24",0,0,0,NA,0
678,"CIRCULAR","18",0,0,0,NA,0
679,"CIRCULAR","18",0,0,0,NA,0
680,"CIRCULAR","18",0,0,0,NA,0
681,"CIRCULAR","18",0,0,0,NA,0
682,"CIRCULAR","18",0,0,0,NA,0
683,"CIRCULAR","18",0,0,0,NA,0
684,"CIRCULAR","18",0,0,0,NA,0
685,"CIRCULAR","18",0,0,0,NA,0
686,"CIRCULAR","18",0,0,0,NA,0
687,"CIRCULAR","18",0,0,0,NA,0
688,"CIRCULAR","18",0,0,0,NA,0
689,"CIRCULAR","18",0,0,0,NA,0
690,"CIRCULAR","18",0,0,0,NA,0
691,"CIRCULAR","18",0,0,0,NA,0
692,"CIRCULAR","24",0,0,0,NA,0
693,"CIRCULAR","24",0,0,0,NA,0
694,"CIRCULAR","30",0,0,0,NA,0
695,"CIRCULAR","30",0,0,0,NA,0
696,"CIRCULAR","36",0,0,0,NA,0
697,"CIRCULAR","36",0,0,0,NA,0
698,"CIRCULAR","24",0,0,0,NA,0
699,"CIRCULAR","24",0,0,0,NA,0
700,"CIRCULAR","18",0,0,0,NA,0
701,"CIRCULAR","18",0,0,0,NA,0
702,"CIRCULAR","24",0,0,0,NA,0
703,"CIRCULAR","24",0,0,0,NA,0
704,"CIRCULAR","18",0,0,0,NA,0
705,"CIRCULAR","18",0,0,0,NA,0
706,"CIRCULAR","24",0,0,0,NA,0
707,"CIRCULAR","24",0,0,0,NA,0
708,"CIRCULAR","24",0,0,0,NA,0
709,"CIRCULAR","24",0,0,0,NA,0
710,"CIRCULAR","24",0,0,0,NA,0
711,"CIRCULAR","24",0,0,0,NA,0
712,"CIRCULAR","30",0,0,0,NA,0
713,"CIRCULAR","30",0,0,0,NA,0
714,"CIRCULAR","18",0,0,0,NA,0
715,"CIRCULAR","18",0,0,0,NA,0
716,"CIRCULAR","18",0,0,0,NA,0
717,"CIRCULAR","18",0,0,0,NA,0
718,"CIRCULAR","30",0,0,0,NA,0
719,"CIRCULAR","30",0,0,0,NA,0
720,"CIRCULAR","18",0,0,0,NA,0
721,"CIRCULAR","18",0,0,0,NA,0
722,"CIRCULAR","18",0,0,0,NA,0
723,"CIRCULAR","18",0,0,0,NA,0
724,"CIRCULAR","18",0,0,0,NA,0
725,"CIRCULAR","18",0,0,0,NA,0
726,"CIRCULAR","42",0,0,0,NA,0
727,"CIRCULAR","42",0,0,0,NA,0
728,"CIRCULAR","18",0,0,0,NA,0
729,"CIRCULAR","18",0,0,0,NA,0
730,"CIRCULAR","18",0,0,0,NA,0
731,"CIRCULAR","18",0,0,0,NA,0
734,"CIRCULAR","60",0,0,0,NA,0
735,"CIRCULAR","60",0,0,0,NA,0
736,"CIRCULAR","18",0,0,0,NA,0
737,"CIRCULAR","18",0,0,0,NA,0
738,"CIRCULAR","48",0,0,0,NA,0
739,"CIRCULAR","48",0,0,0,NA,0
740,"CIRCULAR","30",0,0,0,NA,0
741,"CIRCULAR","30",0,0,0,NA,0
742,"CIRCULAR","30",0,0,0,NA,0
743,"CIRCULAR","30",0,0,0,NA,0
744,"CIRCULAR","24",0,0,0,NA,0
745,"CIRCULAR","24",0,0,0,NA,0
746,"CIRCULAR","24",0,0,0,NA,0
747,"CIRCULAR","24",0,0,0,NA,0
748,"CIRCULAR","18",0,0,0,NA,0
749,"CIRCULAR","18",0,0,0,NA,0
750,"CIRCULAR","24",0,0,0,NA,0
751,"CIRCULAR","24",0,0,0,NA,0
752,"CIRCULAR","24",0,0,0,NA,0
753,"CIRCULAR","24",0,0,0,NA,0
754,"CIRCULAR","18",0,0,0,NA,0
755,"CIRCULAR","18",0,0,0,NA,0
756,"CIRCULAR","24",0,0,0,NA,0
757,"CIRCULAR","24",0,0,0,NA,0
758,"CIRCULAR","18",0,0,0,NA,0
759,"CIRCULAR","18",0,0,0,NA,0
760,"CIRCULAR","18",0,0,0,NA,0
761,"CIRCULAR","18",0,0,0,NA,0
762,"CIRCULAR","18",0,0,0,NA,0
763,"CIRCULAR","18",0,0,0,NA,0
764,"CIRCULAR","18",0,0,0,NA,0
765,"CIRCULAR","18",0,0,0,NA,0
766,"CIRCULAR","60",0,0,0,NA,0
767,"CIRCULAR","60",0,0,0,NA,0
768,"CIRCULAR","60",0,0,0,NA,0
769,"CIRCULAR","18",0,0,0,NA,0
770,"CIRCULAR","18",0,0,0,NA,0
771,"CIRCULAR","18",0,0,0,NA,0
772,"CIRCULAR","18",0,0,0,NA,0
773,"CIRCULAR","30",0,0,0,NA,0
774,"CIRCULAR","30",0,0,0,NA,0
775,"CIRCULAR","30",0,0,0,NA,0
776,"CIRCULAR","30",0,0,0,NA,0
777,"CIRCULAR","30",0,0,0,NA,0
778,"CIRCULAR","30",0,0,0,NA,0
779,"CIRCULAR","18",0,0,0,NA,0
780,"CIRCULAR","18",0,0,0,NA,0
781,"CIRCULAR","18",0,0,0,NA,0
782,"CIRCULAR","18",0,0,0,NA,0
783,"CIRCULAR","54",0,0,0,NA,0
784,"CIRCULAR","54",0,0,0,NA,0
787,"CIRCULAR","18",0,0,0,NA,0
788,"CIRCULAR","18",0,0,0,NA,0
789,"CIRCULAR","18",0,0,0,NA,0
790,"CIRCULAR","18",0,0,0,NA,0
791,"CIRCULAR","24",0,0,0,NA,0
792,"CIRCULAR","24",0,0,0,NA,0
793,"CIRCULAR","18",0,0,0,NA,0
794,"CIRCULAR","18",0,0,0,NA,0
795,"CIRCULAR","18",0,0,0,NA,0
796,"CIRCULAR","18",0,0,0,NA,0
797,"CIRCULAR","30",0,0,0,NA,0
798,"CIRCULAR","30",0,0,0,NA,0
799,"CIRCULAR","18",0,0,0,NA,0
800,"CIRCULAR","18",0,0,0,NA,0
801,"CIRCULAR","18",0,0,0,NA,0
802,"CIRCULAR","18",0,0,0,NA,0
803,"CIRCULAR","30",0,0,0,NA,0
804,"CIRCULAR","30",0,0,0,NA,0
805,"CIRCULAR","30",0,0,0,NA,0
806,"CIRCULAR","30",0,0,0,NA,0
807,"CIRCULAR","18",0,0,0,NA,0
808,"CIRCULAR","18",0,0,0,NA,0
809,"CIRCULAR","18",0,0,0,NA,0
810,"CIRCULAR","18",0,0,0,NA,0
811,"CIRCULAR","42",0,0,0,NA,0
812,"CIRCULAR","42",0,0,0,NA,0
813,"CIRCULAR","23",0,0,0,NA,0
814,"CIRCULAR","23",0,0,0,NA,0
815,"CIRCULAR","18",0,0,0,NA,0
816,"CIRCULAR","18",0,0,0,NA,0
817,"CIRCULAR","18",0,0,0,NA,0
818,"CIRCULAR","18",0,0,0,NA,0
819,"CIRCULAR","24",0,0,0,NA,0
820,"CIRCULAR","24",0,0,0,NA,0
821,"CIRCULAR","24",0,0,0,NA,0
822,"CIRCULAR","24",0,0,0,NA,0
823,"CIRCULAR","18",0,0,0,NA,0
824,"CIRCULAR","18",0,0,0,NA,0
825,"CIRCULAR","30",0,0,0,NA,0
826,"CIRCULAR","30",0,0,0,NA,0
827,"CIRCULAR","23",0,0,0,NA,0
828,"CIRCULAR","23",0,0,0,NA,0
831,"CIRCULAR","24",0,0,0,NA,0
832,"CIRCULAR","24",0,0,0,NA,0
835,"CIRCULAR","30",0,0,0,NA,0
836,"CIRCULAR","30",0,0,0,NA,0
837,"CIRCULAR","54",0,0,0,NA,0
838,"CIRCULAR","54",0,0,0,NA,0
839,"CIRCULAR","24",0,0,0,NA,0
840,"CIRCULAR","24",0,0,0,NA,0
841,"CIRCULAR","30",0,0,0,NA,0
842,"CIRCULAR","30",0,0,0,NA,0
843,"CIRCULAR","24",0,0,0,NA,0
844,"CIRCULAR","24",0,0,0,NA,0
845,"CIRCULAR","18",0,0,0,NA,0
846,"CIRCULAR","18",0,0,0,NA,0
847,"CIRCULAR","18",0,0,0,NA,0
848,"CIRCULAR","18",0,0,0,NA,0
849,"CIRCULAR","24",0,0,0,NA,0
850,"CIRCULAR","24",0,0,0,NA,0
851,"CIRCULAR","18",0,0,0,NA,0
852,"CIRCULAR","18",0,0,0,NA,0
853,"CIRCULAR","48",0,0,0,NA,0
854,"CIRCULAR","48",0,0,0,NA,0
855,"CIRCULAR","24",0,0,0,NA,0
856,"CIRCULAR","24",0,0,0,NA,0
857,"CIRCULAR","18",0,0,0,NA,0
858,"CIRCULAR","18",0,0,0,NA,0
859,"CIRCULAR","48",0,0,0,NA,0
860,"CIRCULAR","48",0,0,0,NA,0
867,"CIRCULAR","36",0,0,0,NA,0
868,"CIRCULAR","36",0,0,0,NA,0
871,"CIRCULAR","36",0,0,0,NA,0
872,"CIRCULAR","36",0,0,0,NA,0
873,"CIRCULAR","24",0,0,0,NA,0
874,"CIRCULAR","24",0,0,0,NA,0
875,"CIRCULAR","18",0,0,0,NA,0
876,"CIRCULAR","18",0,0,0,NA,0
877,"CIRCULAR","24",0,0,0,NA,0
878,"CIRCULAR","24",0,0,0,NA,0
879,"CIRCULAR","18",0,0,0,NA,0
880,"CIRCULAR","18",0,0,0,NA,0
881,"CIRCULAR","24",0,0,0,NA,0
882,"CIRCULAR","24",0,0,0,NA,0
883,"CIRCULAR","18",0,0,0,NA,0
884,"CIRCULAR","18",0,0,0,NA,0
885,"CIRCULAR","23",0,0,0,NA,0
886,"CIRCULAR","23",0,0,0,NA,0
887,"CIRCULAR","36",0,0,0,NA,0
888,"CIRCULAR","36",0,0,0,NA,0
889,"CIRCULAR","12",0,0,0,NA,0
890,"CIRCULAR","12",0,0,0,NA,0
891,"CIRCULAR","18",0,0,0,NA,0
892,"CIRCULAR","18",0,0,0,NA,0
893,"CIRCULAR","30",0,0,0,NA,0
894,"CIRCULAR","30",0,0,0,NA,0
895,"CIRCULAR","18",0,0,0,NA,0
896,"CIRCULAR","18",0,0,0,NA,0
897,"CIRCULAR","24",0,0,0,NA,0
898,"CIRCULAR","24",0,0,0,NA,0
899,"CIRCULAR","24",0,0,0,NA,0
900,"CIRCULAR","24",0,0,0,NA,0
901,"CIRCULAR","24",0,0,0,NA,0
902,"CIRCULAR","24",0,0,0,NA,0
903,"CIRCULAR","30",0,0,0,NA,0
904,"CIRCULAR","30",0,0,0,NA,0
905,"CIRCULAR","24",0,0,0,NA,0
906,"CIRCULAR","24",0,0,0,NA,0
907,"CIRCULAR","18",0,0,0,NA,0
908,"CIRCULAR","18",0,0,0,NA,0
909,"CIRCULAR","18",0,0,0,NA,0
910,"CIRCULAR","18",0,0,0,NA,0
911,"CIRCULAR","42",0,0,0,NA,0
912,"CIRCULAR","42",0,0,0,NA,0
913,"CIRCULAR","36",0,0,0,NA,0
914,"CIRCULAR","36",0,0,0,NA,0
915,"CIRCULAR","24",0,0,0,NA,0
916,"CIRCULAR","24",0,0,0,NA,0
919,"CIRCULAR","60",0,0,0,NA,0
920,"CIRCULAR","60",0,0,0,NA,0
921,"CIRCULAR","18",0,0,0,NA,0
922,"CIRCULAR","18",0,0,0,NA,0
923,"CIRCULAR","18",0,0,0,NA,0
924,"CIRCULAR","18",0,0,0,NA,0
925,"CIRCULAR","18",0,0,0,NA,0
926,"CIRCULAR","18",0,0,0,NA,0
927,"CIRCULAR","24",0,0,0,NA,0
928,"CIRCULAR","24",0,0,0,NA,0
929,"CIRCULAR","18",0,0,0,NA,0
930,"CIRCULAR","18",0,0,0,NA,0
931,"CIRCULAR","18",0,0,0,NA,0
932,"CIRCULAR","18",0,0,0,NA,0
933,"CIRCULAR","18",0,0,0,NA,0
934,"CIRCULAR","18",0,0,0,NA,0
935,"CIRCULAR","18",0,0,0,NA,0
936,"CIRCULAR","18",0,0,0,NA,0
937,"CIRCULAR","18",0,0,0,NA,0
938,"CIRCULAR","18",0,0,0,NA,0
939,"CIRCULAR","18",0,0,0,NA,0
940,"CIRCULAR","18",0,0,0,NA,0
941,"CIRCULAR","18",0,0,0,NA,0
942,"CIRCULAR","18",0,0,0,NA,0
943,"CIRCULAR","18",0,0,0,NA,0
944,"CIRCULAR","18",0,0,0,NA,0
945,"CIRCULAR","18",0,0,0,NA,0
946,"CIRCULAR","18",0,0,0,NA,0
949,"CIRCULAR","18",0,0,0,NA,0
950,"CIRCULAR","18",0,0,0,NA,0
951,"CIRCULAR","24",0,0,0,NA,0
952,"CIRCULAR","24",0,0,0,NA,0
953,"CIRCULAR","18",0,0,0,NA,0
954,"CIRCULAR","18",0,0,0,NA,0
955,"CIRCULAR","30",0,0,0,NA,0
956,"CIRCULAR","30",0,0,0,NA,0
957,"CIRCULAR","30",0,0,0,NA,0
958,"CIRCULAR","30",0,0,0,NA,0
959,"CIRCULAR","24",0,0,0,NA,0
960,"CIRCULAR","24",0,0,0,NA,0
961,"CIRCULAR","24",0,0,0,NA,0
962,"CIRCULAR","24",0,0,0,NA,0
963,"CIRCULAR","24",0,0,0,NA,0
964,"CIRCULAR","24",0,0,0,NA,0
965,"CIRCULAR","18",0,0,0,NA,0
966,"CIRCULAR","18",0,0,0,NA,0
967,"CIRCULAR","18",0,0,0,NA,0
968,"CIRCULAR","18",0,0,0,NA,0
969,"CIRCULAR","18",0,0,0,NA,0
970,"CIRCULAR","18",0,0,0,NA,0
971,"CIRCULAR","48",0,0,0,NA,0
972,"CIRCULAR","48",0,0,0,NA,0
973,"CIRCULAR","18",0,0,0,NA,0
974,"CIRCULAR","18",0,0,0,NA,0
975,"CIRCULAR","18",0,0,0,NA,0
976,"CIRCULAR","18",0,0,0,NA,0
977,"CIRCULAR","24",0,0,0,NA,0
978,"CIRCULAR","24",0,0,0,NA,0
979,"CIRCULAR","18",0,0,0,NA,0
980,"CIRCULAR","18",0,0,0,NA,0
981,"CIRCULAR","18",0,0,0,NA,0
982,"CIRCULAR","18",0,0,0,NA,0
983,"CIRCULAR","23",0,0,0,NA,0
984,"CIRCULAR","23",0,0,0,NA,0
985,"CIRCULAR","30",0,0,0,NA,0
986,"CIRCULAR","30",0,0,0,NA,0
987,"CIRCULAR","24",0,0,0,NA,0
988,"CIRCULAR","24",0,0,0,NA,0
989,"CIRCULAR","30",0,0,0,NA,0
990,"CIRCULAR","30",0,0,0,NA,0
991,"CIRCULAR","18",0,0,0,NA,0
992,"CIRCULAR","18",0,0,0,NA,0
993,"CIRCULAR","23",0,0,0,NA,0
994,"CIRCULAR","23",0,0,0,NA,0
995,"CIRCULAR","24",0,0,0,NA,0
996,"CIRCULAR","24",0,0,0,NA,0
997,"CIRCULAR","30",0,0,0,NA,0
998,"CIRCULAR","30",0,0,0,NA,0
999,"CIRCULAR","18",0,0,0,NA,0
1000,"CIRCULAR","18",0,0,0,NA,0
1001,"CIRCULAR","18",0,0,0,NA,0
1002,"CIRCULAR","18",0,0,0,NA,0
1003,"CIRCULAR","24",0,0,0,NA,0
1004,"CIRCULAR","24",0,0,0,NA,0
1005,"CIRCULAR","24",0,0,0,NA,0
1006,"CIRCULAR","24",0,0,0,NA,0
1007,"CIRCULAR","36",0,0,0,NA,0
1008,"CIRCULAR","36",0,0,0,NA,0
1009,"CIRCULAR","18",0,0,0,NA,0
1010,"CIRCULAR","18",0,0,0,NA,0
1011,"CIRCULAR","42",0,0,0,NA,0
1012,"CIRCULAR","42",0,0,0,NA,0
1013,"CIRCULAR","18",0,0,0,NA,0
1014,"CIRCULAR","18",0,0,0,NA,0
1015,"CIRCULAR","18",0,0,0,NA,0
1016,"CIRCULAR","18",0,0,0,NA,0
1017,"CIRCULAR","18",0,0,0,NA,0
1018,"CIRCULAR","18",0,0,0,NA,0
1019,"CIRCULAR","42",0,0,0,NA,0
1020,"CIRCULAR","42",0,0,0,NA,0
1021,"CIRCULAR","18",0,0,0,NA,0
1022,"CIRCULAR","18",0,0,0,NA,0
1023,"CIRCULAR","18",0,0,0,NA,0
1024,"CIRCULAR","18",0,0,0,NA,0
1025,"CIRCULAR","18",0,0,0,NA,0
1026,"CIRCULAR","18",0,0,0,NA,0
1027,"CIRCULAR","18",0,0,0,NA,0
1028,"CIRCULAR","18",0,0,0,NA,0
1029,"CIRCULAR","18",0,0,0,NA,0
1030,"CIRCULAR","18",0,0,0,NA,0
1033,"CIRCULAR","24",0,0,0,NA,0
1034,"CIRCULAR","24",0,0,0,NA,0
1037,"CIRCULAR","18",0,0,0,NA,0
1038,"CIRCULAR","18",0,0,0,NA,0
1039,"CIRCULAR","18",0,0,0,NA,0
1040,"CIRCULAR","18",0,0,0,NA,0
1041,"CIRCULAR","24",0,0,0,NA,0
1042,"CIRCULAR","24",0,0,0,NA,0
1043,"CIRCULAR","24",0,0,0,NA,0
1044,"CIRCULAR","24",0,0,0,NA,0
1045,"CIRCULAR","23",0,0,0,NA,0
1046,"CIRCULAR","23",0,0,0,NA,0
1047,"CIRCULAR","24",0,0,0,NA,0
1048,"CIRCULAR","24",0,0,0,NA,0
1049,"CIRCULAR","42",0,0,0,NA,0
1050,"CIRCULAR","42",0,0,0,NA,0
1051,"CIRCULAR","18",0,0,0,NA,0
1052,"CIRCULAR","18",0,0,0,NA,0
1053,"CIRCULAR","30",0,0,0,NA,0
1054,"CIRCULAR","30",0,0,0,NA,0
1055,"CIRCULAR","18",0,0,0,NA,0
1056,"CIRCULAR","18",0,0,0,NA,0
1057,"CIRCULAR","18",0,0,0,NA,0
1058,"CIRCULAR","18",0,0,0,NA,0
1061,"CIRCULAR","18",0,0,0,NA,0
1062,"CIRCULAR","18",0,0,0,NA,0
1063,"CIRCULAR","18",0,0,0,NA,0
1064,"CIRCULAR","18",0,0,0,NA,0
1065,"CIRCULAR","36",0,0,0,NA,0
1066,"CIRCULAR","36",0,0,0,NA,0
1067,"CIRCULAR","18",0,0,0,NA,0
1068,"CIRCULAR","18",0,0,0,NA,0
1069,"CIRCULAR","24",0,0,0,NA,0
1070,"CIRCULAR","24",0,0,0,NA,0
1071,"CIRCULAR","36",0,0,0,NA,0
1072,"CIRCULAR","36",0,0,0,NA,0
1073,"CIRCULAR","18",0,0,0,NA,0
1074,"CIRCULAR","18",0,0,0,NA,0
1077,"CIRCULAR","30",0,0,0,NA,0
1078,"CIRCULAR","30",0,0,0,NA,0
1079,"CIRCULAR","18",0,0,0,NA,0
1080,"CIRCULAR","18",0,0,0,NA,0
1081,"CIRCULAR","18",0,0,0,NA,0
1082,"CIRCULAR","18",0,0,0,NA,0
1083,"CIRCULAR","18",0,0,0,NA,0
1084,"CIRCULAR","18",0,0,0,NA,0
1085,"CIRCULAR","30",0,0,0,NA,0
1086,"CIRCULAR","30",0,0,0,NA,0
1087,"CIRCULAR","18",0,0,0,NA,0
1088,"CIRCULAR","18",0,0,0,NA,0
1089,"CIRCULAR","18",0,0,0,NA,0
1090,"CIRCULAR","18",0,0,0,NA,0
1091,"CIRCULAR","18",0,0,0,NA,0
1092,"CIRCULAR","18",0,0,0,NA,0
1093,"CIRCULAR","42",0,0,0,NA,0
1094,"CIRCULAR","42",0,0,0,NA,0
1095,"CIRCULAR","42",0,0,0,NA,0
1096,"CIRCULAR","42",0,0,0,NA,0
1101,"CIRCULAR","24",0,0,0,NA,0
1102,"CIRCULAR","24",0,0,0,NA,0
1105,"CIRCULAR","24",0,0,0,NA,0
1106,"CIRCULAR","24",0,0,0,NA,0
1107,"CIRCULAR","60",0,0,0,NA,0
1108,"CIRCULAR","60",0,0,0,NA,0
1109,"CIRCULAR","18",0,0,0,NA,0
1110,"CIRCULAR","18",0,0,0,NA,0
1111,"CIRCULAR","18",0,0,0,NA,0
1112,"CIRCULAR","18",0,0,0,NA,0
1113,"CIRCULAR","24",0,0,0,NA,0
1114,"CIRCULAR","24",0,0,0,NA,0
1115,"CIRCULAR","24",0,0,0,NA,0
1116,"CIRCULAR","24",0,0,0,NA,0
1117,"CIRCULAR","18",0,0,0,NA,0
1118,"CIRCULAR","18",0,0,0,NA,0
1119,"CIRCULAR","24",0,0,0,NA,0
1120,"CIRCULAR","24",0,0,0,NA,0
1121,"CIRCULAR","18",0,0,0,NA,0
1122,"CIRCULAR","18",0,0,0,NA,0
1123,"CIRCULAR","30",0,0,0,NA,0
1124,"CIRCULAR","30",0,0,0,NA,0
1125,"CIRCULAR","18",0,0,0,NA,0
1126,"CIRCULAR","18",0,0,0,NA,0
1127,"CIRCULAR","18",0,0,0,NA,0
1128,"CIRCULAR","18",0,0,0,NA,0
1129,"CIRCULAR","18",0,0,0,NA,0
1130,"CIRCULAR","18",0,0,0,NA,0
1131,"CIRCULAR","30",0,0,0,NA,0
1132,"CIRCULAR","30",0,0,0,NA,0
1133,"CIRCULAR","18",0,0,0,NA,0
1134,"CIRCULAR","18",0,0,0,NA,0
1135,"CIRCULAR","18",0,0,0,NA,0
1136,"CIRCULAR","18",0,0,0,NA,0
1137,"CIRCULAR","24",0,0,0,NA,0
1138,"CIRCULAR","24",0,0,0,NA,0
1139,"CIRCULAR","18",0,0,0,NA,0
1140,"CIRCULAR","18",0,0,0,NA,0
1141,"CIRCULAR","30",0,0,0,NA,0
1142,"CIRCULAR","30",0,0,0,NA,0
1143,"CIRCULAR","30",0,0,0,NA,0
1144,"CIRCULAR","30",0,0,0,NA,0
1145,"CIRCULAR","18",0,0,0,NA,0
1146,"CIRCULAR","18",0,0,0,NA,0
1147,"CIRCULAR","18",0,0,0,NA,0
1148,"CIRCULAR","18",0,0,0,NA,0
1149,"CIRCULAR","18",0,0,0,NA,0
1150,"CIRCULAR","18",0,0,0,NA,0
1151,"CIRCULAR","18",0,0,0,NA,0
1152,"CIRCULAR","18",0,0,0,NA,0
1157,"CIRCULAR","18",0,0,0,NA,0
1158,"CIRCULAR","18",0,0,0,NA,0
1159,"CIRCULAR","24",0,0,0,NA,0
1160,"CIRCULAR","24",0,0,0,NA,0
1161,"CIRCULAR","30",0,0,0,NA,0
1162,"CIRCULAR","30",0,0,0,NA,0
1163,"CIRCULAR","24",0,0,0,NA,0
1164,"CIRCULAR","24",0,0,0,NA,0
1165,"CIRCULAR","18",0,0,0,NA,0
1166,"CIRCULAR","18",0,0,0,NA,0
1167,"CIRCULAR","24",0,0,0,NA,0
1168,"CIRCULAR","24",0,0,0,NA,0
1169,"CIRCULAR","48",0,0,0,NA,0
1170,"CIRCULAR","48",0,0,0,NA,0
1171,"CIRCULAR","42",0,0,0,NA,0
1172,"CIRCULAR","42",0,0,0,NA,0
1173,"CIRCULAR","24",0,0,0,NA,0
1174,"CIRCULAR","24",0,0,0,NA,0
1175,"CIRCULAR","24",0,0,0,NA,0
1176,"CIRCULAR","24",0,0,0,NA,0
1177,"CIRCULAR","30",0,0,0,NA,0
1178,"CIRCULAR","30",0,0,0,NA,0
1179,"CIRCULAR","24",0,0,0,NA,0
1180,"CIRCULAR","24",0,0,0,NA,0
1181,"CIRCULAR","42",0,0,0,NA,0
1182,"CIRCULAR","42",0,0,0,NA,0
1183,"CIRCULAR","48",0,0,0,NA,0
1184,"CIRCULAR","48",0,0,0,NA,0
1185,"CIRCULAR","18",0,0,0,NA,0
1186,"CIRCULAR","18",0,0,0,NA,0
1187,"CIRCULAR","18",0,0,0,NA,0
1188,"CIRCULAR","18",0,0,0,NA,0
1189,"CIRCULAR","24",0,0,0,NA,0
1190,"CIRCULAR","24",0,0,0,NA,0
1193,"CIRCULAR","18",0,0,0,NA,0
1194,"CIRCULAR","18",0,0,0,NA,0
1195,"CIRCULAR","18",0,0,0,NA,0
1196,"CIRCULAR","18",0,0,0,NA,0
1197,"CIRCULAR","18",0,0,0,NA,0
1198,"CIRCULAR","18",0,0,0,NA,0
1199,"CIRCULAR","18",0,0,0,NA,0
1200,"CIRCULAR","18",0,0,0,NA,0
1201,"CIRCULAR","18",0,0,0,NA,0
55,"RECT_OPEN","5",5,0,0,0,0
56,"RECT_OPEN","5",5,0,0,0,0
304,"RECT_OPEN","5",5,0,0,0,0
305,"RECT_OPEN","5",5,0,0,0,0
306,"RECT_OPEN","5",5,0,0,0,0
307,"RECT_OPEN","5",5,0,0,0,0
342,"RECT_OPEN","5",5,0,0,0,0
343,"RECT_OPEN","5",5,0,0,0,0
344,"RECT_OPEN","5",5,0,0,0,0
345,"RECT_OPEN","5",5,0,0,0,0
346,"RECT_OPEN","5",5,0,0,0,0
347,"RECT_OPEN","5",5,0,0,0,0
352,"RECT_OPEN","5",5,0,0,0,0
353,"RECT_OPEN","5",5,0,0,0,0
354,"RECT_OPEN","5",5,0,0,0,0
355,"RECT_OPEN","5",5,0,0,0,0
356,"RECT_OPEN","5",5,0,0,0,0
357,"RECT_OPEN","5",5,0,0,0,0
360,"RECT_OPEN","5",5,0,0,0,0
361,"RECT_OPEN","5",5,0,0,0,0
364,"RECT_OPEN","5",5,0,0,0,0
365,"RECT_OPEN","5",5,0,0,0,0
366,"RECT_OPEN","5",5,0,0,0,0
367,"RECT_OPEN","5",5,0,0,0,0
400,"RECT_OPEN","5",5,0,0,0,0
401,"RECT_OPEN","5",5,0,0,0,0
402,"RECT_OPEN","5",5,0,0,0,0
403,"RECT_OPEN","5",5,0,0,0,0
404,"RECT_OPEN","5",5,0,0,0,0
405,"RECT_OPEN","5",5,0,0,0,0
432,"RECT_OPEN","5",5,0,0,0,0
433,"RECT_OPEN","5",5,0,0,0,0
502,"RECT_OPEN","5",5,0,0,0,0
503,"RECT_OPEN","5",5,0,0,0,0
516,"RECT_OPEN","5",5,0,0,0,0
517,"RECT_OPEN","5",5,0,0,0,0
528,"RECT_OPEN","5",5,0,0,0,0
529,"RECT_OPEN","5",5,0,0,0,0
620,"RECT_OPEN","5",5,0,0,0,0
621,"RECT_OPEN","5",5,0,0,0,0
626,"RECT_OPEN","5",5,0,0,0,0
627,"RECT_OPEN","5",5,0,0,0,0
658,"RECT_OPEN","5",5,0,0,0,0
659,"RECT_OPEN","5",5,0,0,0,0
660,"RECT_OPEN","5",5,0,0,0,0
661,"RECT_OPEN","5",5,0,0,0,0
732,"RECT_OPEN","5",5,0,0,0,0
733,"RECT_OPEN","5",5,0,0,0,0
785,"RECT_CLOSED","60",36,0,0,0,0
786,"RECT_CLOSED","60",36,0,0,0,0
829,"RECT_OPEN","5",5,0,0,0,0
830,"RECT_OPEN","5",5,0,0,0,0
833,"RECT_OPEN","5",5,0,0,0,0
834,"RECT_OPEN","5",5,0,0,0,0
861,"RECT_OPEN","5",5,0,0,0,0
862,"RECT_OPEN","5",5,0,0,0,0
863,"RECT_OPEN","5",5,0,0,0,0
864,"RECT_OPEN","5",5,0,0,0,0
865,"RECT_OPEN","5",5,0,0,0,0
866,"RECT_OPEN","5",5,0,0,0,0
869,"RECT_OPEN","5",5,0,0,0,0
870,"RECT_OPEN","5",5,0,0,0,0
917,"RECT_OPEN","84",48,0,0,0,0
918,"RECT_OPEN","84",48,0,0,0,0
947,"RECT_OPEN","5",5,0,0,0,0
948,"RECT_OPEN","5",5,0,0,0,0
1031,"RECT_OPEN","5",5,0,0,0,0
1032,"RECT_OPEN","5",5,0,0,0,0
1035,"RECT_OPEN","5",5,0,0,0,0
1036,"RECT_OPEN","5",5,0,0,0,0
1059,"RECT_OPEN","5",5,0,0,0,0
1060,"RECT_OPEN","5",5,0,0,0,0
1075,"RECT_CLOSED","60",36,0,0,0,0
1076,"RECT_CLOSED","60",36,0,0,0,0
1097,"RECT_OPEN","5",5,0,0,0,0
1098,"RECT_OPEN","5",5,0,0,0,0
1099,"RECT_OPEN","5",5,0,0,0,0
1100,"RECT_OPEN","5",5,0,0,0,0
1103,"RECT_OPEN","5",5,0,0,0,0
1104,"RECT_OPEN","5",5,0,0,0,0
1153,"RECT_OPEN","5",5,0,0,0,0
1154,"RECT_OPEN","5",5,0,0,0,0
1155,"RECT_OPEN","5",5,0,0,0,0
1156,"RECT_OPEN","5",5,0,0,0,0
1191,"RECT_OPEN","5",5,0,0,0,0
1192,"RECT_OPEN","5",5,0,0,0,0
1,"TRAPEZOIDAL","30",10,1,1,0,0
2,"TRAPEZOIDAL","30",10,1,1,0,0
3,"TRAPEZOIDAL","30",10,1,1,0,0
4,"TRAPEZOIDAL","30",10,1,1,0,0
5,"TRAPEZOIDAL","30",10,1,1,0,0
6,"TRAPEZOIDAL","30",10,1,1,0,0
7,"TRAPEZOIDAL","30",10,1,1,0,0
8,"TRAPEZOIDAL","30",10,1,1,0,0
9,"TRAPEZOIDAL","30",10,1,1,0,0
10,"TRAPEZOIDAL","30",10,1,1,0,0
11,"TRAPEZOIDAL","30",10,1,1,0,0
12,"TRAPEZOIDAL","30",10,1,1,0,0
13,"TRAPEZOIDAL","30",10,1,1,0,0
14,"TRAPEZOIDAL","30",10,1,1,0,0
15,"TRAPEZOIDAL","30",10,1,1,0,0
16,"TRAPEZOIDAL","30",10,1,1,0,0
